Data below is obtained from FASTA file:  "/Users/Mana/Dropbox/ResCons/Demo files/7_Description_ID Extractor/Sequences_demo.fasta"
Total number of sequences present in FASTA file:  677
Number of unique Identifiers present among them:  677

### Following are the unique Identifiers extracted: ###

Identifier, Count
YP_400400|Bacteria|Cyanobacteria|Oscillatoriophycideae|Synechococcus|,1
YP_010855|Bacteria|Proteobacteria|Deltaproteobacteria|Desulfovibrio|,1
YP_008470079|Bacteria|Chlamydiae|Chlamydiales|Chlamydia|,1
YP_008469155|Bacteria|Chlamydiae|Chlamydiales|Chlamydia|,1
YP_008468228|Bacteria|Chlamydiae|Chlamydiales|Chlamydia|,1
YP_008467296|Bacteria|Chlamydiae|Chlamydiales|Chlamydia|,1
YP_008466368|Bacteria|Chlamydiae|Chlamydiales|Chlamydia|,1
YP_008443844|Bacteria|Chlamydiae|Chlamydiales|Chlamydia|,1
YP_008442928|Bacteria|Chlamydiae|Chlamydiales|Chlamydia|,1
YP_008442009|Bacteria|Chlamydiae|Chlamydiales|Chlamydia|,1
YP_008440163|Bacteria|Chlamydiae|Chlamydiales|Chlamydia|,1
YP_008304780|Bacteria|Firmicutes|Bacilli|Listeria|,1
YP_008301788|Bacteria|Firmicutes|Bacilli|Listeria|,1
YP_008298759|Bacteria|Firmicutes|Bacilli|Listeria|,1
YP_008296579|Bacteria|Firmicutes|Bacilli|Listeria|,1
YP_008284334|Bacteria|Firmicutes|Bacilli|Listeria|,1
YP_008279945|Bacteria|Firmicutes|Bacilli|Listeria|,1
YP_008278630|Bacteria|Firmicutes|Bacilli|Listeria|,1
YP_008275839|Bacteria|Firmicutes|Bacilli|Listeria|,1
YP_008271898|Bacteria|Firmicutes|Bacilli|Listeria|,1
YP_006962479|Bacteria|Proteobacteria|Gammaproteobacteria|Erwinia|,1
YP_003935679|Bacteria|Firmicutes|Clostridia|Clostridium|,1
YP_002827688|Bacteria|Proteobacteria|Alphaproteobacteria|Sinorhizobium|,1
YP_002825510|Bacteria|Proteobacteria|Alphaproteobacteria|Sinorhizobium|,1
YP_002434845|Bacteria|Proteobacteria|Deltaproteobacteria|Miyazaki|,1
WP_022790867|Bacteria|Firmicutes|Bacilli|Weissella|,1
WP_022654065|Bacteria|Proteobacteria|Betaproteobacteria|Aquaspirillum|,1
WP_021019688|Bacteria|Proteobacteria|Gammaproteobacteria|Vibrio|,1
WP_020882913|Bacteria|Proteobacteria|Gammaproteobacteria|Enterobacter|,1
WP_020789136|Bacteria|Fusobacteria|Fusobacteriales|Fusobacterium|,1
WP_020779820|Bacteria|Spirochaetes|Spirochaetales|Leptospira|,1
WP_020747868|Bacteria|Proteobacteria|Betaproteobacteria|Ralstonia|,1
WP_020453213|Bacteria|Firmicutes|Bacilli|Bacillus|,1
WP_020370549|Bacteria|Chlamydiae|Chlamydiales|Chlamydia|,1
WP_020235604|Bacteria|Proteobacteria|Gammaproteobacteria|Escherichia|,1
WP_020234827|Bacteria|Proteobacteria|Gammaproteobacteria|Escherichia|,1
WP_020192016|Bacteria|Proteobacteria|Gammaproteobacteria|Pseudomonas|,1
WP_020191574|Bacteria|Proteobacteria|Gammaproteobacteria|Pseudomonas|,1
WP_019958678|Bacteria|Proteobacteria|Betaproteobacteria|Vitreoscilla|,1
WP_019881363|Bacteria|Proteobacteria|Betaproteobacteria|Methylophilus|,1
WP_019881361|Bacteria|Proteobacteria|Betaproteobacteria|Methylophilus|,1
WP_019857622|Bacteria|Proteobacteria|Alphaproteobacteria|Mesorhizobium|,1
WP_019787151|Bacteria|Firmicutes|Bacilli|Streptococcus|,1
WP_019783699|Bacteria|Firmicutes|Bacilli|Streptococcus|,1
WP_019779475|Bacteria|Firmicutes|Bacilli|Streptococcus|,1
WP_019777729|Bacteria|Firmicutes|Bacilli|Streptococcus|,1
WP_019775694|Bacteria|Firmicutes|Bacilli|Streptococcus|,1
WP_019770661|Bacteria|Firmicutes|Bacilli|Streptococcus|,1
WP_019768520|Bacteria|Proteobacteria|Gammaproteobacteria|Xanthomonas|,1
WP_019721279|Bacteria|Firmicutes|Bacilli|Bacillus|,1
WP_019716355|Bacteria|Firmicutes|Bacilli|Bacillus|,1
WP_019693833|Bacteria|Proteobacteria|Gammaproteobacteria|Pseudomonas|,1
WP_019643840|Bacteria|Proteobacteria|Alphaproteobacteria|Novispirillum|,1
WP_019377011|Bacteria|Firmicutes|Bacilli|Virgibacillus|,1
WP_019349475|Bacteria|Proteobacteria|Gammaproteobacteria|Fluoribacter|,1
WP_019340094|Bacteria|Proteobacteria|Gammaproteobacteria|Pseudomonas|,1
WP_019321985|Bacteria|Firmicutes|Bacilli|Streptococcus|,1
WP_019320914|Bacteria|Firmicutes|Bacilli|Streptococcus|,1
WP_019314164|Bacteria|Firmicutes|Bacilli|Streptococcus|,1
WP_019304035|Bacteria|Proteobacteria|Gammaproteobacteria|Xanthomonas|,1
WP_019301108|Bacteria|Proteobacteria|Gammaproteobacteria|Xanthomonas|,1
WP_019278597|Bacteria|Firmicutes|Clostridia|Clostridium|,1
WP_019260015|Bacteria|Firmicutes|Bacilli|Bacillus|,1
WP_019253402|Bacteria|Firmicutes|Bacilli|Lactobacillus|,1
WP_019251601|Bacteria|Firmicutes|Bacilli|Lactobacillus|,1
WP_019169330|Bacteria|Firmicutes|Bacilli|Staphylococcus|,1
WP_018986159|Bacteria|Proteobacteria|Betaproteobacteria|Methylophilus|,1
WP_018986158|Bacteria|Proteobacteria|Betaproteobacteria|Methylophilus|,1
WP_018765661|Bacteria|Firmicutes|Bacilli|Bacillus|,1
WP_018674018|Bacteria|Firmicutes|Bacilli|Brevibacillus|,1
WP_018644628|Bacteria|Proteobacteria|Alphaproteobacteria|Bradyrhizobium|,1
WP_018508787|Bacteria|Proteobacteria|Betaproteobacteria|Thiobacillus|,1
WP_018494154|Bacteria|Proteobacteria|Alphaproteobacteria|Rhizobium|,1
WP_018483610|Bacteria|Proteobacteria|Alphaproteobacteria|Rhizobium|,1
WP_018345512|Bacteria|Proteobacteria|Gammaproteobacteria|Gallibacterium|,1
WP_018320050|Bacteria|Proteobacteria|Alphaproteobacteria|Bradyrhizobium|,1
WP_018241521|Bacteria|Proteobacteria|Alphaproteobacteria|Rhizobium|,1
WP_018094731|Bacteria|Proteobacteria|Alphaproteobacteria|Sinorhizobium|,1
WP_018070494|Bacteria|Proteobacteria|Alphaproteobacteria|Rhizobium|,1
WP_018030336|Bacteria|Firmicutes|Bacilli|Streptococcus|,1
WP_017993573|Bacteria|Proteobacteria|Alphaproteobacteria|Rhizobium|,1
WP_017990978|Bacteria|Proteobacteria|Alphaproteobacteria|Rhizobium|,1
WP_017963788|Bacteria|Proteobacteria|Alphaproteobacteria|Rhizobium|,1
WP_017959879|Bacteria|Proteobacteria|Alphaproteobacteria|Rhizobium|,1
WP_017805069|Bacteria|Proteobacteria|Gammaproteobacteria|Avibacterium|,1
WP_017769100|Bacteria|Firmicutes|Bacilli|Streptococcus|,1
WP_017723460|Bacteria|Firmicutes|Bacilli|Staphylococcus|,1
WP_017695792|Bacteria|Firmicutes|Bacilli|Bacillus|,1
WP_017675534|Bacteria|Proteobacteria|Gammaproteobacteria|Pseudomonas|,1
WP_017646328|Bacteria|Firmicutes|Bacilli|Streptococcus|,1
WP_017554410|Bacteria|Firmicutes|Bacilli|Bacillus|,1
WP_017551344|Bacteria|Firmicutes|Bacilli|Bacillus|,1
WP_017530085|Bacteria|Proteobacteria|Gammaproteobacteria|Pseudomonas|,1
WP_017464993|Bacteria|Firmicutes|Bacilli|Staphylococcus|,1
WP_017454363|Bacteria|Proteobacteria|Betaproteobacteria|Herbaspirillum|,1
WP_017450147|Bacteria|Proteobacteria|Betaproteobacteria|Herbaspirillum|,1
WP_017420342|Bacteria|Proteobacteria|Gammaproteobacteria|Vibrio|,1
WP_017403761|Bacteria|Proteobacteria|Alphaproteobacteria|Brucella|,1
WP_017368826|Bacteria|Firmicutes|Bacilli|Lactococcus|,1
WP_017365968|Bacteria|Proteobacteria|Gammaproteobacteria|Methylococcus|,1
WP_017365832|Bacteria|Proteobacteria|Gammaproteobacteria|Methylococcus|,1
WP_017362007|Bacteria|Proteobacteria|Gammaproteobacteria|Pseudomonas|,1
WP_017361769|Bacteria|Proteobacteria|Gammaproteobacteria|Pseudomonas|,1
WP_017353996|Bacteria|Firmicutes|Clostridia|Clostridium|,1
WP_017337061|Bacteria|Proteobacteria|Gammaproteobacteria|Pseudomonas|,1
WP_017250242|Bacteria|Firmicutes|Bacilli|Brevibacillus|,1
WP_017211352|Bacteria|Firmicutes|Clostridia|Clostridium|,1
WP_017209936|Bacteria|Firmicutes|Clostridia|Clostridium|,1
WP_017175256|Bacteria|Firmicutes|Bacilli|Staphylococcus|,1
WP_016944427|Bacteria|Proteobacteria|Gammaproteobacteria|Xanthomonas|,1
WP_016931031|Bacteria|Firmicutes|Bacilli|Staphylococcus|,1
WP_016919059|Bacteria|Proteobacteria|Alphaproteobacteria|Methylocystis|,1
WP_016897108|Bacteria|Firmicutes|Bacilli|Aerococcus|,1
WP_016779241|Bacteria|Proteobacteria|Gammaproteobacteria|Pseudomonas|,1
WP_016769477|Bacteria|Proteobacteria|Alphaproteobacteria|Brucella|,1
WP_016742529|Bacteria|Firmicutes|Bacilli|Brevibacillus|,1
WP_016734172|Bacteria|Proteobacteria|Alphaproteobacteria|Rhizobium|,1
WP_016717706|Bacteria|Firmicutes|Bacilli|Bacillus|,1
WP_016569372|Bacteria|Proteobacteria|Gammaproteobacteria|Pseudomonas|,1
WP_016527454|Bacteria|Proteobacteria|Gammaproteobacteria|Haemophilus|,1
WP_016511654|Bacteria|Firmicutes|Bacilli|Lactobacillus|,1
WP_016504506|Bacteria|Proteobacteria|Gammaproteobacteria|Pasteurella|,1
WP_016503021|Bacteria|Firmicutes|Bacilli|Streptococcus|,1
WP_016497835|Bacteria|Proteobacteria|Gammaproteobacteria|Pseudomonas|,1
WP_016484715|Bacteria|Proteobacteria|Gammaproteobacteria|Pseudomonas|,1
WP_016398577|Bacteria|Firmicutes|Bacilli|Streptococcus|,1
WP_016397428|Bacteria|Firmicutes|Bacilli|Streptococcus|,1
WP_016396690|Bacteria|Firmicutes|Bacilli|Lactobacillus|,1
WP_016386954|Bacteria|Firmicutes|Bacilli|Lactobacillus|,1
WP_016386581|Bacteria|Firmicutes|Bacilli|Lactobacillus|,1
WP_016385938|Bacteria|Firmicutes|Bacilli|Lactobacillus|,1
WP_016384304|Bacteria|Firmicutes|Bacilli|Lactobacillus|,1
WP_016265125|Bacteria|Firmicutes|Bacilli|Lactobacillus|,1
WP_016210172|Bacteria|Proteobacteria|Gammaproteobacteria|Piscirickettsia|,1
WP_016198121|Bacteria|Bacteroidetes|Flavobacteriia|Elizabethkingia|,1
WP_015922690|Bacteria|Chloroflexi|Thermomicrobiales|Thermomicrobium|,1
WP_015900736|Bacteria|Firmicutes|Bacilli|Staphylococcus|,1
WP_015892198|Bacteria|Firmicutes|Bacilli|Brevibacillus|,1
WP_015852120|Bacteria|Proteobacteria|Deltaproteobacteria|Desulfovibrio|,1
WP_015841559|Bacteria|Proteobacteria|Gammaproteobacteria|Pectobacterium|,1
WP_015841519|Bacteria|Proteobacteria|Gammaproteobacteria|Pectobacterium|,1
WP_015816573|Bacteria|Proteobacteria|Alphaproteobacteria|Neorickettsia|,1
WP_015809866|Bacteria|Bacteroidetes|Sphingobacteriia|Pedobacter|,1
WP_015787848|Bacteria|Actinobacteria|Actinobacteridae|Saccharomonospora|,1
WP_015787840|Bacteria|Actinobacteria|Actinobacteridae|Saccharomonospora|,1
WP_015782909|Bacteria|Bacteroidetes|Flavobacteriia|Capnocytophaga|,1
WP_015780373|Bacteria|Actinobacteria|Actinobacteridae|Kytococcus|,1
WP_015692640|Bacteria|Bacteroidetes|Sphingobacteriia|Saprospira|,1
WP_015570764|Bacteria|Proteobacteria|Gammaproteobacteria|Enterobacter|,1
WP_015565084|Bacteria|Firmicutes|Clostridia|Faecalibacterium|,1
WP_015563819|Bacteria|Firmicutes|Clostridia|Faecalibacterium|,1
WP_015558985|Bacteria|Firmicutes|Clostridia|Ruminococcus|,1
WP_015550870|Bacteria|Firmicutes|Clostridia|Butyrivibrio|,1
WP_015549491|Bacteria|Firmicutes|Clostridia|Butyrivibrio|,1
WP_015548801|Bacteria|Firmicutes|Clostridia|Butyrivibrio|,1
WP_015537065|Bacteria|Firmicutes|Clostridia|Faecalibacterium|,1
WP_015532152|Bacteria|Bacteroidetes|Bacteroidia|Bacteroides|,1
WP_015524078|Bacteria|Firmicutes|Clostridia|Ruminococcus|,1
WP_015516153|Bacteria|Firmicutes|Clostridia|Eubacterium|,1
WP_015453478|Bacteria|Proteobacteria|Epsilonproteobacteria|Helicobacter|,1
WP_015438357|Bacteria|Actinobacteria|Actinobacteridae|Bifidobacterium|,1
WP_015418626|Bacteria|Firmicutes|Bacilli|Bacillus|,1
WP_015385181|Bacteria|Firmicutes|Bacilli|Bacillus|,1
WP_015380375|Bacteria|Firmicutes|Bacilli|Lactobacillus|,1
WP_015368588|Bacteria|Proteobacteria|Gammaproteobacteria|Enterobacter|,1
WP_015359374|Bacteria|Firmicutes|Clostridia|Clostridium|,1
WP_015358692|Bacteria|Firmicutes|Clostridia|Clostridium|,1
WP_015250802|Bacteria|Firmicutes|Bacilli|Bacillus|,1
WP_015213675|Bacteria|Cyanobacteria|Nostocales|Anabaena|,1
WP_015085735|Bacteria|Proteobacteria|Epsilonproteobacteria|Helicobacter|,1
WP_015084756|Bacteria|Firmicutes|Bacilli|Listeria|,1
WP_015071517|Bacteria|Actinobacteria|Actinobacteridae|Propionibacterium|,1
WP_015022497|Bacteria|Actinobacteria|Actinobacteridae|Bifidobacterium|,1
WP_015011659|Bacteria|Actinobacteria|Actinobacteridae|Propionibacterium|,1
WP_015010071|Bacteria|Firmicutes|Bacilli|Amphibacillus|,1
WP_014968287|Bacteria|Firmicutes|Clostridia|Clostridium|,1
WP_014939983|Bacteria|Firmicutes|Bacilli|Lactobacillus|,1
WP_014920365|Bacteria|Actinobacteria|Actinobacteridae|Arthrobacter|,1
WP_014918719|Bacteria|Firmicutes|Bacilli|Lactobacillus|,1
WP_014896363|Bacteria|Proteobacteria|Betaproteobacteria|Burkholderia|,1
WP_014878561|Bacteria|Actinobacteria|Actinobacteridae|Mycobacterium|,1
WP_014854012|Bacteria|Proteobacteria|Gammaproteobacteria|Pseudomonas|,1
WP_014848021|Bacteria|Actinobacteria|Actinobacteridae|Propionibacterium|,1
WP_014847712|Bacteria|Actinobacteria|Actinobacteridae|Propionibacterium|,1
WP_014766229|Bacteria|Proteobacteria|Alphaproteobacteria|Sinorhizobium|,1
WP_014761718|Bacteria|Proteobacteria|Alphaproteobacteria|Sinorhizobium|,1
WP_014642985|Bacteria|Firmicutes|Bacilli|Halobacillus|,1
WP_014633932|Bacteria|Firmicutes|Bacilli|Streptococcus|,1
WP_014626254|Bacteria|Proteobacteria|Alphaproteobacteria|Rhodospirillum|,1
WP_014598590|Bacteria|Actinobacteria|Actinobacteridae|Propionibacterium|,1
WP_014598405|Bacteria|Actinobacteria|Actinobacteridae|Propionibacterium|,1
WP_014568382|Bacteria|Firmicutes|Bacilli|Lactobacillus|,1
WP_014548176|Bacteria|Proteobacteria|Gammaproteobacteria|Francisella|,1
WP_014547160|Bacteria|Fibrobacteres|Fibrobacterales|Fibrobacter|,1
WP_014521415|Bacteria|Firmicutes|Clostridia|Clostridium|,1
WP_014414363|Bacteria|Proteobacteria|Alphaproteobacteria|Rhodospirillum|,1
WP_014414175|Bacteria|Proteobacteria|Alphaproteobacteria|Rhodospirillum|,1
WP_014412549|Bacteria|Proteobacteria|Alphaproteobacteria|Rickettsia|,1
WP_014303875|Bacteria|Actinobacteria|Actinobacteridae|Corynebacterium|,1
WP_014115859|Bacteria|Firmicutes|Bacilli|Bacillus|,1
WP_014082009|Bacteria|Firmicutes|Bacilli|Lactobacillus|,1
WP_014046715|Bacteria|Actinobacteria|Actinobacteridae|Streptomyces|,1
WP_014009018|Bacteria|Actinobacteria|Actinobacteridae|Corynebacterium|,1
WP_013990092|Bacteria|Firmicutes|Bacilli|Streptococcus|,1
WP_013942026|Bacteria|Proteobacteria|Deltaproteobacteria|Myxococcus|,1
WP_013935175|Bacteria|Proteobacteria|Deltaproteobacteria|Myxococcus|,1
WP_013934867|Bacteria|Proteobacteria|Alphaproteobacteria|Zymomonas|,1
WP_013819010|Bacteria|Proteobacteria|Gammaproteobacteria|Methylomonas|,1
WP_013818732|Bacteria|Proteobacteria|Gammaproteobacteria|Methylomonas|,1
WP_013770480|Bacteria|Actinobacteria|Actinobacteridae|Cellulomonas|,1
WP_013770022|Bacteria|Actinobacteria|Actinobacteridae|Cellulomonas|,1
WP_013769723|Bacteria|Actinobacteria|Actinobacteridae|Cellulomonas|,1
WP_013727916|Bacteria|Firmicutes|Bacilli|Lactobacillus|,1
WP_013725365|Bacteria|Firmicutes|Clostridia|Clostridium|,1
WP_013724791|Bacteria|Firmicutes|Clostridia|Clostridium|,1
WP_013700699|Bacteria|Spirochaetes|Spirochaetales|Treponema|,1
WP_013668924|Bacteria|Firmicutes|Bacilli|Aerococcus|,1
WP_013641975|Bacteria|Firmicutes|Bacilli|Lactobacillus|,1
WP_013628456|Bacteria|Planctomycetes|Planctomycetia|Planctomyces|,1
WP_013626950|Bacteria|Planctomycetes|Planctomycetia|Planctomyces|,1
WP_013621526|Bacteria|Bacteroidetes|Flavobacteriia|Cellulophaga|,1
WP_013621525|Bacteria|Bacteroidetes|Flavobacteriia|Cellulophaga|,1
WP_013598066|Bacteria|Bacteroidetes|Flavobacteriia|Weeksella|,1
WP_013572003|Bacteria|Proteobacteria|Gammaproteobacteria|Vibrio|,1
WP_013565867|Bacteria|Planctomycetes|Planctomycetia|Isosphaera|,1
WP_013563980|Bacteria|Planctomycetes|Planctomycetia|Isosphaera|,1
WP_013502473|Bacteria|Proteobacteria|Alphaproteobacteria|Rhodopseudomonas|,1
WP_013500093|Bacteria|Proteobacteria|Alphaproteobacteria|Rhodopseudomonas|,1
WP_013496954|Bacteria|Firmicutes|Clostridia|Ruminococcus|,1
WP_013488003|Bacteria|Firmicutes|Bacilli|Bacillus|,1
WP_013468955|Bacteria|Proteobacteria|Epsilonproteobacteria|Helicobacter|,1
WP_013454921|Bacteria|Bacteroidetes|Cytophagia|Marivirga|,1
WP_013452921|Bacteria|Bacteroidetes|Cytophagia|Marivirga|,1
WP_013449332|Bacteria|Proteobacteria|Betaproteobacteria|Neisseria|,1
WP_013438004|Bacteria|Firmicutes|Bacilli|Lactobacillus|,1
WP_013419670|Bacteria|Proteobacteria|Alphaproteobacteria|Rhodomicrobium|,1
WP_013418357|Bacteria|Proteobacteria|Alphaproteobacteria|Rhodomicrobium|,1
WP_013377660|Bacteria|Proteobacteria|Deltaproteobacteria|Stigmatella|,1
WP_013360867|Bacteria|Firmicutes|Clostridia|Clostridium|,1
WP_013354237|Bacteria|Firmicutes|Bacilli|Bacillus|,1
WP_013347472|Bacteria|Actinobacteria|Actinobacteridae|Arthrobacter|,1
WP_013308398|Bacteria|Firmicutes|Bacilli|Paenibacillus|,1
WP_013308093|Bacteria|Firmicutes|Bacilli|Bacillus|,1
WP_013298395|Bacteria|Firmicutes|Clostridia|Thermoanaerobacterium|,1
WP_013296819|Bacteria|Firmicutes|Clostridia|Thermoanaerobacterium|,1
WP_013288994|Bacteria|Actinobacteria|Actinobacteridae|Micromonospora|,1
WP_013283651|Bacteria|Actinobacteria|Actinobacteridae|Micromonospora|,1
WP_013242650|Bacteria|Actinobacteria|Actinobacteridae|Corynebacterium|,1
WP_013237712|Bacteria|Firmicutes|Clostridia|Clostridium|,1
WP_013234882|Bacteria|Proteobacteria|Betaproteobacteria|Herbaspirillum|,1
WP_013233200|Bacteria|Proteobacteria|Betaproteobacteria|Herbaspirillum|,1
WP_013211821|Bacteria|Proteobacteria|Betaproteobacteria|Ralstonia|,1
WP_013205449|Bacteria|Proteobacteria|Betaproteobacteria|Ralstonia|,1
WP_013191588|Bacteria|Cyanobacteria|Nostocales|Trichormus|,1
WP_013167627|Bacteria|Proteobacteria|Alphaproteobacteria|Starkeya|,1
WP_013162181|Bacteria|Actinobacteria|Actinobacteridae|Propionibacterium|,1
WP_013161874|Bacteria|Actinobacteria|Actinobacteridae|Propionibacterium|,1
WP_013117977|Bacteria|Actinobacteria|Actinobacteridae|Cellulomonas|,1
WP_013116745|Bacteria|Actinobacteria|Actinobacteridae|Cellulomonas|,1
WP_013115868|Bacteria|Actinobacteria|Actinobacteridae|Cellulomonas|,1
WP_013108020|Bacteria|Proteobacteria|Gammaproteobacteria|Moraxella|,1
WP_013103949|Bacteria|Firmicutes|Bacilli|Leuconostoc|,1
WP_013083332|Bacteria|Firmicutes|Bacilli|Bacillus|,1
WP_013068185|Bacteria|Proteobacteria|Alphaproteobacteria|Rhodobacter|,1
WP_013065626|Bacteria|Bacteroidetes|Bacteroidia|Prevotella|,1
WP_013057209|Bacteria|Firmicutes|Bacilli|Bacillus|,1
WP_013022965|Bacteria|Proteobacteria|Epsilonproteobacteria|Helicobacter|,1
WP_013012555|Bacteria|Deinococcus-Thermus|Deinococci|Meiothermus|,1
WP_012996042|Bacteria|Firmicutes|Clostridia|Thermoanaerobacter|,1
WP_012975242|Bacteria|Proteobacteria|Alphaproteobacteria|Azospirillum|,1
WP_012973635|Bacteria|Proteobacteria|Alphaproteobacteria|Azospirillum|,1
WP_012972078|Bacteria|Proteobacteria|Gammaproteobacteria|Allochromatium|,1
WP_012969564|Bacteria|Proteobacteria|Gammaproteobacteria|Allochromatium|,1
WP_012968118|Bacteria|Proteobacteria|Gammaproteobacteria|Klebsiella|,1
WP_012947940|Bacteria|Actinobacteria|Actinobacteridae|Geodermatophilus|,1
WP_012946832|Bacteria|Actinobacteria|Actinobacteridae|Geodermatophilus|,1
WP_012946823|Bacteria|Actinobacteria|Actinobacteridae|Geodermatophilus|,1
WP_012937989|Bacteria|Firmicutes|Negativicutes|Acidaminococcus|,1
WP_012926964|Bacteria|Bacteroidetes|Cytophagia|Spirosoma|,1
WP_012925361|Bacteria|Bacteroidetes|Cytophagia|Spirosoma|,1
WP_012910950|Bacteria|Planctomycetes|Planctomycetia|Pirellula|,1
WP_012909838|Bacteria|Planctomycetes|Planctomycetia|Pirellula|,1
WP_012898373|Bacteria|Firmicutes|Bacilli|Lactococcus|,1
WP_012897318|Bacteria|Firmicutes|Bacilli|Lactococcus|,1
WP_012880463|Bacteria|Proteobacteria|Alphaproteobacteria|Anaplasma|,1
WP_012861396|Bacteria|Fusobacteria|Fusobacteriales|Sebaldella|,1
WP_012824142|Bacteria|Proteobacteria|Gammaproteobacteria|Halothiobacillus|,1
WP_012820021|Bacteria|Fibrobacteres|Fibrobacterales|Fibrobacter|,1
WP_012808385|Bacteria|Actinobacteria|Coriobacteridae|Atopobium|,1
WP_012805356|Bacteria|Proteobacteria|Deltaproteobacteria|Desulfomicrobium|,1
WP_012781166|Bacteria|Bacteroidetes|Sphingobacteriia|Pedobacter|,1
WP_012762538|Bacteria|Proteobacteria|Betaproteobacteria|Ralstonia|,1
WP_012759330|Bacteria|Proteobacteria|Alphaproteobacteria|Rhizobium|,1
WP_012756898|Bacteria|Proteobacteria|Alphaproteobacteria|Rhizobium|,1
WP_012723165|Bacteria|Proteobacteria|Gammaproteobacteria|Pseudomonas|,1
WP_012709683|Bacteria|Proteobacteria|Alphaproteobacteria|Sinorhizobium|,1
WP_012707541|Bacteria|Proteobacteria|Alphaproteobacteria|Sinorhizobium|,1
WP_012680041|Bacteria|Firmicutes|Bacilli|Streptococcus|,1
WP_012661359|Bacteria|Proteobacteria|Epsilonproteobacteria|Campylobacter|,1
WP_012657953|Bacteria|Firmicutes|Bacilli|Streptococcus|,1
WP_012642096|Bacteria|Chloroflexi|Thermomicrobiales|Thermomicrobium|,1
WP_012624600|Bacteria|Proteobacteria|Deltaproteobacteria|Desulfovibrio|,1
WP_012611569|Bacteria|Proteobacteria|Deltaproteobacteria|Desulfovibrio|,1
WP_012570228|Bacteria|Proteobacteria|Gammaproteobacteria|Coxiella|,1
WP_012560469|Bacteria|Firmicutes|Bacilli|Streptococcus|,1
WP_012548610|Bacteria|Dictyoglomi|Dictyoglomales|Dictyoglomus|,1
WP_012534659|Bacteria|Proteobacteria|Gammaproteobacteria|Aliivibrio|,1
WP_012505933|Bacteria|Chlorobi|Chlorobia|Prosthecochloris|,1
WP_012505483|Bacteria|Chlorobi|Chlorobia|Prosthecochloris|,1
WP_012496152|Bacteria|Proteobacteria|Alphaproteobacteria|Rhodopseudomonas|,1
WP_012485505|Bacteria|Proteobacteria|Alphaproteobacteria|Rhizobium|,1
WP_012474609|Bacteria|Chlorobi|Chlorobia|Chlorobium|,1
WP_012474526|Bacteria|Chlorobi|Chlorobia|Chlorobium|,1
WP_012466119|Bacteria|Chlorobi|Chlorobia|Chlorobium|,1
WP_012466118|Bacteria|Chlorobi|Chlorobia|Chlorobium|,1
WP_012465752|Bacteria|Chlorobi|Chlorobia|Chlorobium|,1
WP_012451803|Bacteria|Firmicutes|Clostridia|Clostridium|,1
WP_012449440|Bacteria|Firmicutes|Clostridia|Clostridium|,1
WP_012437453|Bacteria|Proteobacteria|Gammaproteobacteria|Xanthomonas|,1
WP_012429498|Bacteria|Proteobacteria|Gammaproteobacteria|Francisella|,1
WP_012425260|Bacteria|Firmicutes|Clostridia|Clostridium|,1
WP_012417957|Bacteria|Proteobacteria|Betaproteobacteria|Bordetella|,1
WP_012390364|Bacteria|Spirochaetes|Spirochaetales|Leptospira|,1
WP_012388304|Bacteria|Spirochaetes|Spirochaetales|Leptospira|,1
WP_012383593|Bacteria|Proteobacteria|Alphaproteobacteria|Beijerinckia|,1
WP_012383223|Bacteria|Proteobacteria|Alphaproteobacteria|Beijerinckia|,1
WP_012341299|Bacteria|Proteobacteria|Gammaproteobacteria|Histophilus|,1
WP_012332509|Bacteria|Proteobacteria|Alphaproteobacteria|Methylobacterium|,1
WP_012295824|Bacteria|Firmicutes|Bacilli|Lysinibacillus|,1
WP_012269497|Bacteria|Firmicutes|Clostridia|Thermoanaerobacter|,1
WP_012268783|Bacteria|Firmicutes|Clostridia|Thermoanaerobacter|,1
WP_012259161|Bacteria|Chloroflexi|Chloroflexales|Chloroflexus|,1
WP_012257190|Bacteria|Chloroflexi|Chloroflexales|Chloroflexus|,1
WP_012254400|Bacteria|Proteobacteria|Alphaproteobacteria|Methylobacterium|,1
WP_012246582|Bacteria|Actinobacteria|Actinobacteridae|Renibacterium|,1
WP_012241655|Bacteria|Proteobacteria|Deltaproteobacteria|Sorangium|,1
WP_012238277|Bacteria|Proteobacteria|Deltaproteobacteria|Sorangium|,1
WP_012235620|Bacteria|Proteobacteria|Deltaproteobacteria|Sorangium|,1
WP_012233568|Bacteria|Proteobacteria|Deltaproteobacteria|Sorangium|,1
WP_012195066|Bacteria|Cyanobacteria|Prochlorales|Prochlorococcus|,1
WP_012195048|Bacteria|Cyanobacteria|Prochlorales|Prochlorococcus|,1
WP_012149812|Bacteria|Proteobacteria|Alphaproteobacteria|Rickettsia|,1
WP_012140089|Bacteria|Proteobacteria|Epsilonproteobacteria|Campylobacter|,1
WP_012130706|Bacteria|Firmicutes|Bacilli|Streptococcus|,1
WP_012116165|Bacteria|Proteobacteria|Alphaproteobacteria|Xanthobacter|,1
WP_012114515|Bacteria|Proteobacteria|Alphaproteobacteria|Xanthobacter|,1
WP_012101557|Bacteria|Firmicutes|Clostridia|Clostridium|,1
WP_012047904|Bacteria|Firmicutes|Clostridia|Clostridium|,1
WP_012028429|Bacteria|Firmicutes|Bacilli|Streptococcus|,1
WP_012027585|Bacteria|Firmicutes|Bacilli|Streptococcus|,1
WP_012023557|Bacteria|Bacteroidetes|Flavobacteriia|Flavobacterium|,1
WP_012023556|Bacteria|Bacteroidetes|Flavobacteriia|Flavobacterium|,1
WP_012011899|Bacteria|Firmicutes|Bacilli|Bacillus|,1
WP_012007318|Bacteria|Cyanobacteria|Prochlorales|Prochlorococcus|,1
WP_012004923|Bacteria|Proteobacteria|Gammaproteobacteria|Serratia|,1
WP_011992054|Bacteria|Proteobacteria|Epsilonproteobacteria|Campylobacter|,1
WP_011990461|Bacteria|Proteobacteria|Epsilonproteobacteria|Campylobacter|,1
WP_011950166|Bacteria|Proteobacteria|Alphaproteobacteria|Brucella|,1
WP_011945166|Bacteria|Proteobacteria|Alphaproteobacteria|Orientia|,1
WP_011927946|Bacteria|Proteobacteria|Gammaproteobacteria|Dichelobacter|,1
WP_011914701|Bacteria|Proteobacteria|Gammaproteobacteria|Pseudomonas|,1
WP_011909154|Bacteria|Proteobacteria|Alphaproteobacteria|Rhodobacter|,1
WP_011892305|Bacteria|Actinobacteria|Actinobacteridae|Mycobacterium|,1
WP_011890266|Bacteria|Chlorobi|Chlorobia|Chlorobium|,1
WP_011889998|Bacteria|Chlorobi|Chlorobia|Chlorobium|,1
WP_011862531|Bacteria|Cyanobacteria|Prochlorales|Prochlorococcus|,1
WP_011862514|Bacteria|Cyanobacteria|Prochlorales|Prochlorococcus|,1
WP_011840726|Bacteria|Proteobacteria|Alphaproteobacteria|Rhodobacter|,1
WP_011837329|Bacteria|Firmicutes|Bacilli|Streptococcus|,1
WP_011835728|Bacteria|Firmicutes|Bacilli|Lactococcus|,1
WP_011825412|Bacteria|Cyanobacteria|Prochlorales|Prochlorococcus|,1
WP_011823290|Bacteria|Cyanobacteria|Prochlorales|Prochlorococcus|,1
WP_011819891|Bacteria|Cyanobacteria|Prochlorales|Prochlorococcus|,1
WP_011819874|Bacteria|Cyanobacteria|Prochlorales|Prochlorococcus|,1
WP_011818020|Bacteria|Cyanobacteria|Prochlorales|Prochlorococcus|,1
WP_011818003|Bacteria|Cyanobacteria|Prochlorales|Prochlorococcus|,1
WP_011814791|Bacteria|Proteobacteria|Gammaproteobacteria|Halorhodospira|,1
WP_011798810|Bacteria|Proteobacteria|Betaproteobacteria|Neisseria|,1
WP_011790895|Bacteria|Proteobacteria|Gammaproteobacteria|Shewanella|,1
WP_011749895|Bacteria|Proteobacteria|Alphaproteobacteria|Paracoccus|,1
WP_011745253|Bacteria|Chlorobi|Chlorobia|Chlorobium|,1
WP_011745042|Bacteria|Chlorobi|Chlorobia|Chlorobium|,1
WP_011731048|Bacteria|Actinobacteria|Actinobacteridae|Mycobacterium|,1
WP_011707292|Bacteria|Proteobacteria|Gammaproteobacteria|Aeromonas|,1
WP_011706785|Bacteria|Proteobacteria|Gammaproteobacteria|Aeromonas|,1
WP_011680773|Bacteria|Firmicutes|Bacilli|Streptococcus|,1
WP_011678222|Bacteria|Firmicutes|Bacilli|Lactobacillus|,1
WP_011676823|Bacteria|Firmicutes|Bacilli|Lactococcus|,1
WP_011673369|Bacteria|Firmicutes|Bacilli|Pediococcus|,1
WP_011672451|Bacteria|Proteobacteria|Gammaproteobacteria|Buchnera|,1
WP_011671665|Bacteria|Spirochaetes|Spirochaetales|Leptospira|,1
WP_011670537|Bacteria|Spirochaetes|Spirochaetales|Leptospira|,1
WP_011667581|Bacteria|Firmicutes|Bacilli|Lactobacillus|,1
WP_011664229|Bacteria|Proteobacteria|Alphaproteobacteria|Rhodopseudomonas|,1
WP_011661499|Bacteria|Proteobacteria|Alphaproteobacteria|Rhodopseudomonas|,1
WP_011653868|Bacteria|Proteobacteria|Alphaproteobacteria|Rhizobium|,1
WP_011651312|Bacteria|Proteobacteria|Alphaproteobacteria|Rhizobium|,1
WP_011640478|Bacteria|Firmicutes|Clostridia|Syntrophomonas|,1
WP_011640036|Bacteria|Firmicutes|Clostridia|Syntrophomonas|,1
WP_011633881|Bacteria|Proteobacteria|Betaproteobacteria|Nitrosomonas|,1
WP_011624271|Bacteria|Proteobacteria|Gammaproteobacteria|Shewanella|,1
WP_011611179|Bacteria|Cyanobacteria|Oscillatoriophycideae|Trichodesmium|,1
WP_011609664|Bacteria|Proteobacteria|Gammaproteobacteria|Histophilus|,1
WP_011607621|Bacteria|Actinobacteria|Actinobacteridae|Frankia|,1
WP_011607615|Bacteria|Actinobacteria|Actinobacteridae|Frankia|,1
WP_011592877|Bacteria|Firmicutes|Clostridia|Clostridium|,1
WP_011586457|Bacteria|Bacteroidetes|Cytophagia|Cytophaga|,1
WP_011584630|Bacteria|Bacteroidetes|Cytophagia|Cytophaga|,1
WP_011577733|Bacteria|Proteobacteria|Epsilonproteobacteria|Helicobacter|,1
WP_011562156|Bacteria|Actinobacteria|Actinobacteridae|Mycobacterium|,1
WP_011555531|Bacteria|Proteobacteria|Deltaproteobacteria|Myxococcus|,1
WP_011551782|Bacteria|Proteobacteria|Deltaproteobacteria|Myxococcus|,1
WP_011550983|Bacteria|Proteobacteria|Deltaproteobacteria|Myxococcus|,1
WP_011510652|Bacteria|Proteobacteria|Alphaproteobacteria|Nitrobacter|,1
WP_011509203|Bacteria|Proteobacteria|Alphaproteobacteria|Nitrobacter|,1
WP_011503084|Bacteria|Proteobacteria|Alphaproteobacteria|Rhodopseudomonas|,1
WP_011501121|Bacteria|Proteobacteria|Alphaproteobacteria|Rhodopseudomonas|,1
WP_011480461|Bacteria|Proteobacteria|Betaproteobacteria|Methylobacillus|,1
WP_011475981|Bacteria|Firmicutes|Bacilli|Lactobacillus|,1
WP_011473112|Bacteria|Proteobacteria|Alphaproteobacteria|Rhodopseudomonas|,1
WP_011470527|Bacteria|Proteobacteria|Alphaproteobacteria|Rhodopseudomonas|,1
WP_011452116|Bacteria|Proteobacteria|Alphaproteobacteria|Neorickettsia|,1
WP_011451156|Bacteria|Proteobacteria|Alphaproteobacteria|Anaplasma|,1
WP_011441528|Bacteria|Proteobacteria|Alphaproteobacteria|Rhodopseudomonas|,1
WP_011439008|Bacteria|Proteobacteria|Alphaproteobacteria|Rhodopseudomonas|,1
WP_011438658|Bacteria|Actinobacteria|Actinobacteridae|Frankia|,1
WP_011407698|Bacteria|Proteobacteria|Gammaproteobacteria|Xanthomonas|,1
WP_011393891|Bacteria|Firmicutes|Clostridia|Moorella|,1
WP_011392862|Bacteria|Firmicutes|Clostridia|Moorella|,1
WP_011391956|Bacteria|Firmicutes|Clostridia|Moorella|,1
WP_011389571|Bacteria|Proteobacteria|Alphaproteobacteria|Rhodospirillum|,1
WP_011387907|Bacteria|Proteobacteria|Alphaproteobacteria|Rhodospirillum|,1
WP_011381397|Bacteria|Proteobacteria|Betaproteobacteria|Nitrosospira|,1
WP_011380096|Bacteria|Proteobacteria|Betaproteobacteria|Nitrosospira|,1
WP_011376071|Bacteria|Cyanobacteria|Prochlorales|Prochlorococcus|,1
WP_011376054|Bacteria|Cyanobacteria|Prochlorales|Prochlorococcus|,1
WP_011374673|Bacteria|Firmicutes|Bacilli|Lactobacillus|,1
WP_011358011|Bacteria|Chlorobi|Chlorobia|Pelodictyon|,1
WP_011357936|Bacteria|Chlorobi|Chlorobia|Pelodictyon|,1
WP_011330570|Bacteria|Proteobacteria|Gammaproteobacteria|Nitrosococcus|,1
WP_011327155|Bacteria|Proteobacteria|Gammaproteobacteria|Pseudoalteromonas|,1
WP_011320263|Bacteria|Cyanobacteria|Nostocales|Anabaena|,1
WP_011315004|Bacteria|Proteobacteria|Alphaproteobacteria|Nitrobacter|,1
WP_011313812|Bacteria|Proteobacteria|Alphaproteobacteria|Nitrobacter|,1
WP_011304927|Bacteria|Proteobacteria|Alphaproteobacteria|Ehrlichia|,1
WP_011294476|Bacteria|Cyanobacteria|Prochlorales|Prochlorococcus|,1
WP_011294459|Bacteria|Cyanobacteria|Prochlorales|Prochlorococcus|,1
WP_011275340|Bacteria|Firmicutes|Bacilli|Staphylococcus|,1
WP_011263293|Bacteria|Proteobacteria|Gammaproteobacteria|Aliivibrio|,1
WP_011257818|Bacteria|Proteobacteria|Gammaproteobacteria|Xanthomonas|,1
WP_011252330|Bacteria|Proteobacteria|Alphaproteobacteria|Gluconobacter|,1
WP_011241279|Bacteria|Proteobacteria|Alphaproteobacteria|Zymomonas|,1
WP_011225519|Bacteria|Firmicutes|Bacilli|Streptococcus|,1
WP_011191024|Bacteria|Proteobacteria|Alphaproteobacteria|Rickettsia|,1
WP_011183641|Bacteria|Actinobacteria|Actinobacteridae|Propionibacterium|,1
WP_011178977|Bacteria|Proteobacteria|Alphaproteobacteria|Bartonella|,1
WP_011173971|Bacteria|Deinococcus-Thermus|Deinococci|Thermus|,1
WP_011164653|Bacteria|Proteobacteria|Deltaproteobacteria|Bdellovibrio|,1
WP_011164186|Bacteria|Proteobacteria|Deltaproteobacteria|Bdellovibrio|,1
WP_011155463|Bacteria|Proteobacteria|Alphaproteobacteria|Ehrlichia|,1
WP_011150045|Bacteria|Proteobacteria|Gammaproteobacteria|Vibrio|,1
WP_011139589|Bacteria|Proteobacteria|Epsilonproteobacteria|Wolinella|,1
WP_011136919|Bacteria|Proteobacteria|Betaproteobacteria|Chromobacterium|,1
WP_011132146|Bacteria|Cyanobacteria|Prochlorales|Prochlorococcus|,1
WP_011132129|Bacteria|Cyanobacteria|Prochlorales|Prochlorococcus|,1
WP_011130626|Bacteria|Cyanobacteria|Prochlorales|Prochlorococcus|,1
WP_011112471|Bacteria|Proteobacteria|Betaproteobacteria|Nitrosomonas|,1
WP_011105929|Bacteria|Proteobacteria|Gammaproteobacteria|Vibrio|,1
WP_011099849|Bacteria|Firmicutes|Clostridia|Clostridium|,1
WP_011098691|Bacteria|Firmicutes|Clostridia|Clostridium|,1
WP_011091219|Bacteria|Proteobacteria|Gammaproteobacteria|Buchnera|,1
WP_011080710|Bacteria|Proteobacteria|Gammaproteobacteria|Vibrio|,1
WP_011078784|Bacteria|Proteobacteria|Gammaproteobacteria|Vibrio|,1
WP_011052280|Bacteria|Proteobacteria|Gammaproteobacteria|Xanthomonas|,1
WP_011038412|Bacteria|Proteobacteria|Gammaproteobacteria|Xanthomonas|,1
WP_011016138|Bacteria|Fusobacteria|Fusobacteriales|Fusobacterium|,1
WP_011015989|Bacteria|Fusobacteria|Fusobacteriales|Fusobacterium|,1
WP_011015853|Bacteria|Fusobacteria|Fusobacteriales|Fusobacterium|,1
WP_011015320|Bacteria|Actinobacteria|Actinobacteridae|Corynebacterium|,1
WP_011002272|Bacteria|Proteobacteria|Betaproteobacteria|Ralstonia|,1
WP_010991946|Bacteria|Bacteroidetes|Bacteroidia|Bacteroides|,1
WP_010991556|Bacteria|Firmicutes|Bacilli|Listeria|,1
WP_010969115|Bacteria|Proteobacteria|Alphaproteobacteria|Sinorhizobium|,1
WP_010965437|Bacteria|Firmicutes|Clostridia|Clostridium|,1
WP_010960535|Bacteria|Proteobacteria|Gammaproteobacteria|Methylococcus|,1
WP_010960476|Bacteria|Proteobacteria|Gammaproteobacteria|Methylococcus|,1
WP_010959482|Bacteria|Proteobacteria|Gammaproteobacteria|Methylococcus|,1
WP_010948454|Bacteria|Proteobacteria|Gammaproteobacteria|Legionella|,1
WP_010944216|Bacteria|Proteobacteria|Gammaproteobacteria|Haemophilus|,1
WP_010938927|Bacteria|Proteobacteria|Deltaproteobacteria|Desulfovibrio|,1
WP_010932636|Bacteria|Chlorobi|Chlorobia|Chlorobaculum|,1
WP_010930982|Bacteria|Proteobacteria|Betaproteobacteria|Bordetella|,1
WP_010915603|Bacteria|Proteobacteria|Alphaproteobacteria|Mesorhizobium|,1
WP_010912198|Bacteria|Proteobacteria|Alphaproteobacteria|Mesorhizobium|,1
WP_010907600|Bacteria|Actinobacteria|Actinobacteridae|Mycobacterium|,1
WP_010889201|Bacteria|Deinococcus-Thermus|Deinococci|Deinococcus|,1
WP_010864695|Bacteria|Proteobacteria|Gammaproteobacteria|Plesiomonas|,1
WP_010863389|Bacteria|Proteobacteria|Gammaproteobacteria|Plesiomonas|,1
WP_010845228|Bacteria|Proteobacteria|Gammaproteobacteria|Xenorhabdus|,1
WP_010662040|Bacteria|Bacteroidetes|Bacteroidia|Marinilabilia|,1
WP_010661998|Bacteria|Bacteroidetes|Bacteroidia|Marinilabilia|,1
WP_009698861|Bacteria|Proteobacteria|Gammaproteobacteria|Vibrio|,1
WP_009607054|Bacteria|Proteobacteria|Gammaproteobacteria|Xanthomonas|,1
WP_009607051|Bacteria|Proteobacteria|Gammaproteobacteria|Xanthomonas|,1
WP_009566885|Bacteria|Proteobacteria|Gammaproteobacteria|Acidithiobacillus|,1
WP_009508394|Bacteria|Proteobacteria|Gammaproteobacteria|Acinetobacter|,1
WP_009493687|Bacteria|Proteobacteria|Epsilonproteobacteria|Campylobacter|,1
WP_009397414|Bacteria|Proteobacteria|Gammaproteobacteria|Pseudomonas|,1
WP_008379685|Bacteria|Firmicutes|Bacilli|Enterococcus|,1
WP_005917771|Bacteria|Fusobacteria|Fusobacteriales|Fusobacterium|,1
WP_005915892|Bacteria|Fusobacteria|Fusobacteriales|Fusobacterium|,1
WP_005912608|Bacteria|Fusobacteria|Fusobacteriales|Fusobacterium|,1
WP_005766413|Bacteria|Proteobacteria|Gammaproteobacteria|Escherichia|,1
WP_005766260|Bacteria|Proteobacteria|Alphaproteobacteria|Bartonella|,1
WP_005717569|Bacteria|Proteobacteria|Gammaproteobacteria|Pasteurella|,1
WP_005533700|Bacteria|Proteobacteria|Gammaproteobacteria|Vibrio|,1
WP_005526024|Bacteria|Proteobacteria|Gammaproteobacteria|Vibrio|,1
WP_005500361|Bacteria|Proteobacteria|Gammaproteobacteria|Vibrio|,1
WP_005450712|Bacteria|Proteobacteria|Gammaproteobacteria|Vibrio|,1
WP_005422520|Bacteria|Proteobacteria|Gammaproteobacteria|Aliivibrio|,1
WP_005313216|Bacteria|Proteobacteria|Gammaproteobacteria|Aeromonas|,1
WP_004933594|Bacteria|Proteobacteria|Gammaproteobacteria|Serratia|,1
WP_004755609|Bacteria|Spirochaetes|Spirochaetales|Leptospira|,1
WP_004475108|Bacteria|Spirochaetes|Spirochaetales|Leptospira|,1
WP_004420411|Bacteria|Proteobacteria|Gammaproteobacteria|Pseudomonas|,1
WP_004398785|Bacteria|Firmicutes|Clostridia|Thermoanaerobacter|,1
WP_004210652|Bacteria|Proteobacteria|Gammaproteobacteria|Klebsiella|,1
WP_004193098|Bacteria|Firmicutes|Bacilli|Streptococcus|,1
WP_004192419|Bacteria|Proteobacteria|Gammaproteobacteria|Klebsiella|,1
WP_004170922|Bacteria|Proteobacteria|Gammaproteobacteria|Erwinia|,1
WP_004162542|Bacteria|Cyanobacteria|Oscillatoriophycideae|Microcystis|,1
WP_004160088|Bacteria|Proteobacteria|Gammaproteobacteria|Erwinia|,1
WP_003897515|Bacteria|Actinobacteria|Actinobacteridae|Mycobacterium|,1
WP_003856061|Bacteria|Proteobacteria|Gammaproteobacteria|Enterobacter|,1
WP_003812734|Bacteria|Proteobacteria|Betaproteobacteria|Bordetella|,1
WP_003767967|Bacteria|Proteobacteria|Betaproteobacteria|Neisseria|,1
WP_003706232|Bacteria|Firmicutes|Bacilli|Lactobacillus|,1
WP_003645032|Bacteria|Firmicutes|Bacilli|Lactobacillus|,1
WP_003620120|Bacteria|Firmicutes|Bacilli|Lactobacillus|,1
WP_003615025|Bacteria|Firmicutes|Bacilli|Lactobacillus|,1
WP_003605129|Bacteria|Firmicutes|Bacilli|Lactobacillus|,1
WP_003602246|Bacteria|Firmicutes|Bacilli|Lactobacillus|,1
WP_003600980|Bacteria|Proteobacteria|Alphaproteobacteria|Methylobacterium|,1
WP_003598036|Bacteria|Proteobacteria|Alphaproteobacteria|Methylobacterium|,1
WP_003594415|Bacteria|Firmicutes|Bacilli|Lactobacillus|,1
WP_003579130|Bacteria|Firmicutes|Bacilli|Lactobacillus|,1
WP_003570341|Bacteria|Firmicutes|Bacilli|Lactobacillus|,1
WP_003531185|Bacteria|Proteobacteria|Alphaproteobacteria|Sinorhizobium|,1
WP_003529294|Bacteria|Proteobacteria|Alphaproteobacteria|Sinorhizobium|,1
WP_003523485|Bacteria|Proteobacteria|Alphaproteobacteria|Agrobacterium|,1
WP_003520807|Bacteria|Proteobacteria|Alphaproteobacteria|Agrobacterium|,1
WP_003516686|Bacteria|Proteobacteria|Alphaproteobacteria|Agrobacterium|,1
WP_003512522|Bacteria|Proteobacteria|Alphaproteobacteria|Agrobacterium|,1
WP_003505020|Bacteria|Proteobacteria|Alphaproteobacteria|Agrobacterium|,1
WP_003502230|Bacteria|Proteobacteria|Alphaproteobacteria|Agrobacterium|,1
WP_003495179|Bacteria|Firmicutes|Clostridia|Clostridium|,1
WP_003477457|Bacteria|Proteobacteria|Gammaproteobacteria|Xanthomonas|,1
WP_003467326|Bacteria|Proteobacteria|Gammaproteobacteria|Xanthomonas|,1
WP_003467322|Bacteria|Proteobacteria|Gammaproteobacteria|Xanthomonas|,1
WP_003444040|Bacteria|Firmicutes|Clostridia|Clostridium|,1
WP_003429422|Bacteria|Firmicutes|Clostridia|Clostridium|,1
WP_003404502|Bacteria|Firmicutes|Clostridia|Clostridium|,1
WP_003381435|Bacteria|Firmicutes|Clostridia|Clostridium|,1
WP_003380637|Bacteria|Firmicutes|Clostridia|Clostridium|,1
WP_003349448|Bacteria|Firmicutes|Bacilli|Bacillus|,1
WP_003339812|Bacteria|Firmicutes|Bacilli|Brevibacillus|,1
WP_003330165|Bacteria|Firmicutes|Bacilli|Bacillus|,1
WP_003326092|Bacteria|Firmicutes|Bacilli|Bacillus|,1
WP_003298522|Bacteria|Proteobacteria|Gammaproteobacteria|Pseudomonas|,1
WP_003296352|Bacteria|Proteobacteria|Gammaproteobacteria|Pseudomonas|,1
WP_003290517|Bacteria|Proteobacteria|Gammaproteobacteria|Pseudomonas|,1
WP_003283075|Bacteria|Proteobacteria|Gammaproteobacteria|Pseudomonas|,1
WP_003255365|Bacteria|Proteobacteria|Gammaproteobacteria|Pseudomonas|,1
WP_003244067|Bacteria|Proteobacteria|Gammaproteobacteria|Pseudomonas|,1
WP_003185828|Bacteria|Proteobacteria|Gammaproteobacteria|Pseudomonas|,1
WP_003139748|Bacteria|Firmicutes|Bacilli|Lactococcus|,1
WP_003135114|Bacteria|Firmicutes|Bacilli|Lactococcus|,1
WP_003130319|Bacteria|Firmicutes|Bacilli|Lactococcus|,1
WP_003101574|Bacteria|Firmicutes|Bacilli|Streptococcus|,1
WP_003078406|Bacteria|Firmicutes|Bacilli|Streptococcus|,1
WP_003054157|Bacteria|Firmicutes|Bacilli|Streptococcus|,1
WP_003049793|Bacteria|Firmicutes|Bacilli|Streptococcus|,1
WP_003046847|Bacteria|Firmicutes|Bacilli|Streptococcus|,1
WP_003043618|Bacteria|Firmicutes|Bacilli|Streptococcus|,1
WP_003033936|Bacteria|Firmicutes|Bacilli|Streptococcus|,1
WP_002995846|Bacteria|Firmicutes|Bacilli|Streptococcus|,1
WP_002990948|Bacteria|Firmicutes|Bacilli|Streptococcus|,1
WP_002969403|Bacteria|Spirochaetes|Spirochaetales|Leptospira|,1
WP_002961651|Bacteria|Firmicutes|Bacilli|Streptococcus|,1
WP_002949760|Bacteria|Firmicutes|Bacilli|Streptococcus|,1
WP_002931339|Bacteria|Firmicutes|Bacilli|Streptococcus|,1
WP_002923599|Bacteria|Firmicutes|Bacilli|Streptococcus|,1
WP_002920597|Bacteria|Firmicutes|Bacilli|Streptococcus|,1
WP_002918504|Bacteria|Firmicutes|Bacilli|Streptococcus|,1
WP_002916941|Bacteria|Firmicutes|Bacilli|Streptococcus|,1
WP_002914586|Bacteria|Firmicutes|Bacilli|Streptococcus|,1
WP_002910049|Bacteria|Firmicutes|Bacilli|Streptococcus|,1
WP_002905909|Bacteria|Firmicutes|Bacilli|Streptococcus|,1
WP_002905110|Bacteria|Firmicutes|Bacilli|Streptococcus|,1
WP_002890025|Bacteria|Firmicutes|Bacilli|Streptococcus|,1
WP_002886727|Bacteria|Proteobacteria|Gammaproteobacteria|Klebsiella|,1
WP_002886641|Bacteria|Firmicutes|Bacilli|Streptococcus|,1
WP_002878586|Bacteria|Firmicutes|Bacilli|Lactobacillus|,1
WP_002833077|Bacteria|Firmicutes|Bacilli|Pediococcus|,1
WP_002831677|Bacteria|Firmicutes|Bacilli|Pediococcus|,1
WP_002804918|Bacteria|Proteobacteria|Gammaproteobacteria|Xanthomonas|,1
WP_002770856|Bacteria|Cyanobacteria|Oscillatoriophycideae|Microcystis|,1
WP_002760848|Bacteria|Spirochaetes|Spirochaetales|Leptospira|,1
WP_002734427|Bacteria|Spirochaetes|Spirochaetales|Leptospira|,1
WP_002732961|Bacteria|Cyanobacteria|Oscillatoriophycideae|Microcystis|,1
WP_002732661|Bacteria|Spirochaetes|Spirochaetales|Leptospira|,1
WP_002727965|Bacteria|Spirochaetes|Spirochaetales|Leptospira|,1
WP_002726187|Bacteria|Spirochaetes|Spirochaetales|Leptospira|,1
WP_002550873|Bacteria|Actinobacteria|Actinobacteridae|Propionibacterium|,1
WP_002550013|Bacteria|Actinobacteria|Actinobacteridae|Propionibacterium|,1
WP_002549556|Bacteria|Actinobacteria|Actinobacteridae|Propionibacterium|,1
WP_002495662|Bacteria|Firmicutes|Bacilli|Staphylococcus|,1
WP_002494627|Bacteria|Firmicutes|Bacilli|Staphylococcus|,1
WP_002494119|Bacteria|Firmicutes|Bacilli|Staphylococcus|,1
WP_002489468|Bacteria|Firmicutes|Bacilli|Staphylococcus|,1
WP_002485870|Bacteria|Firmicutes|Bacilli|Staphylococcus|,1
WP_002474182|Bacteria|Firmicutes|Bacilli|Staphylococcus|,1
WP_002468096|Bacteria|Firmicutes|Bacilli|Staphylococcus|,1
WP_002466143|Bacteria|Firmicutes|Bacilli|Staphylococcus|,1
WP_002458565|Bacteria|Firmicutes|Bacilli|Staphylococcus|,1
WP_002301907|Bacteria|Firmicutes|Bacilli|Streptococcus|,1
WP_002298983|Bacteria|Firmicutes|Bacilli|Streptococcus|,1
WP_002284776|Bacteria|Firmicutes|Bacilli|Streptococcus|,1
WP_002283749|Bacteria|Firmicutes|Bacilli|Streptococcus|,1
WP_002282868|Bacteria|Firmicutes|Bacilli|Streptococcus|,1
WP_002281052|Bacteria|Firmicutes|Bacilli|Streptococcus|,1
WP_002275741|Bacteria|Firmicutes|Bacilli|Streptococcus|,1
WP_002274790|Bacteria|Firmicutes|Bacilli|Streptococcus|,1
WP_002268074|Bacteria|Firmicutes|Bacilli|Streptococcus|,1
WP_002264043|Bacteria|Firmicutes|Bacilli|Streptococcus|,1
WP_002262586|Bacteria|Firmicutes|Bacilli|Streptococcus|,1
WP_002259208|Bacteria|Proteobacteria|Betaproteobacteria|Neisseria|,1
WP_002248262|Bacteria|Proteobacteria|Betaproteobacteria|Neisseria|,1
WP_002232159|Bacteria|Proteobacteria|Betaproteobacteria|Neisseria|,1
WP_002219633|Bacteria|Proteobacteria|Betaproteobacteria|Neisseria|,1
WP_002217745|Bacteria|Proteobacteria|Betaproteobacteria|Neisseria|,1
WP_002190519|Bacteria|Spirochaetes|Spirochaetales|Leptospira|,1
WP_002189051|Bacteria|Spirochaetes|Spirochaetales|Leptospira|,1
WP_002178697|Bacteria|Spirochaetes|Spirochaetales|Leptospira|,1
WP_002176422|Bacteria|Spirochaetes|Spirochaetales|Leptospira|,1
WP_002142595|Bacteria|Spirochaetes|Spirochaetales|Leptospira|,1
WP_002131590|Bacteria|Spirochaetes|Spirochaetales|Leptospira|,1
WP_002126990|Bacteria|Spirochaetes|Spirochaetales|Leptospira|,1
WP_002123821|Bacteria|Spirochaetes|Spirochaetales|Leptospira|,1
WP_002106471|Bacteria|Spirochaetes|Spirochaetales|Leptospira|,1
WP_002104078|Bacteria|Spirochaetes|Spirochaetales|Leptospira|,1
WP_002092623|Bacteria|Spirochaetes|Spirochaetales|Leptospira|,1
WP_002080314|Bacteria|Spirochaetes|Spirochaetales|Leptospira|,1
WP_002077918|Bacteria|Spirochaetes|Spirochaetales|Leptospira|,1
WP_002070913|Bacteria|Spirochaetes|Spirochaetales|Leptospira|,1
WP_002068200|Bacteria|Spirochaetes|Spirochaetales|Leptospira|,1
WP_001968143|Bacteria|Spirochaetes|Spirochaetales|Leptospira|,1
WP_001939000|Bacteria|Proteobacteria|Gammaproteobacteria|Vibrio|,1
WP_001923206|Bacteria|Proteobacteria|Epsilonproteobacteria|Helicobacter|,1
WP_001922356|Bacteria|Proteobacteria|Epsilonproteobacteria|Helicobacter|,1
WP_001916577|Bacteria|Proteobacteria|Epsilonproteobacteria|Helicobacter|,1
WP_001836818|Bacteria|Firmicutes|Bacilli|Staphylococcus|,1
WP_001739810|Bacteria|Proteobacteria|Gammaproteobacteria|Escherichia|,1
WP_001712222|Bacteria|Proteobacteria|Gammaproteobacteria|Escherichia|,1
WP_001691321|Bacteria|Proteobacteria|Gammaproteobacteria|Escherichia|,1
WP_001691111|Bacteria|Proteobacteria|Gammaproteobacteria|Escherichia|,1
WP_001680062|Bacteria|Proteobacteria|Gammaproteobacteria|Escherichia|,1
WP_001638680|Bacteria|Proteobacteria|Gammaproteobacteria|Escherichia|,1
WP_001634937|Bacteria|Proteobacteria|Gammaproteobacteria|Escherichia|,1
WP_001633560|Bacteria|Proteobacteria|Gammaproteobacteria|Escherichia|,1
WP_001622084|Bacteria|Proteobacteria|Gammaproteobacteria|Escherichia|,1
WP_001608315|Bacteria|Proteobacteria|Gammaproteobacteria|Escherichia|,1
WP_001531769|Bacteria|Proteobacteria|Gammaproteobacteria|Escherichia|,1
WP_001500687|Bacteria|Proteobacteria|Gammaproteobacteria|Escherichia|,1
WP_001500009|Bacteria|Proteobacteria|Gammaproteobacteria|Escherichia|,1
WP_001472753|Bacteria|Proteobacteria|Gammaproteobacteria|Escherichia|,1
WP_001434116|Bacteria|Proteobacteria|Gammaproteobacteria|Escherichia|,1
